mesh_idx,mesh_name,target_dir,target_obj,init_kind,init_path,results_step_dir,recon_ply,used_iter,nevals,numsteps,checkpoint,n_points,iou_pitch_mult,padding,max_voxels,pitch,iou_naive,iou_aligned,rmse,grid_dim_x,grid_dim_y,grid_dim_z
6,mesh_00006,C:\Users\cahit\Isospectralization_Soft_Robots\external_isospectralization\code_for_3D\data\Bubble_Grasp_Deep_0.05x40\mesh_00006,C:\Users\cahit\Isospectralization_Soft_Robots\external_isospectralization\code_for_3D\data\Bubble_Grasp_Deep_0.05x40\mesh_00006\mesh_00006.obj,dir,C:\Users\cahit\Isospectralization_Soft_Robots\external_isospectralization\code_for_3D\data\Drake_Sphere,C:\Users\cahit\Isospectralization_Soft_Robots\external_isospectralization\code_for_3D\results\Cascade_Recon\mesh_00006,C:\Users\cahit\Isospectralization_Soft_Robots\external_isospectralization\code_for_3D\results\Cascade_Recon\mesh_00006\evals_20_iter299.ply,299,20,300,10,100000,2.0,0.02,250000000,0.004955453425905464,0.9033728350045579,0.9623706491063029,0.0006650168740549691,18,18,17
7,mesh_00007,C:\Users\cahit\Isospectralization_Soft_Robots\external_isospectralization\code_for_3D\data\Bubble_Grasp_Deep_0.05x40\mesh_00007,C:\Users\cahit\Isospectralization_Soft_Robots\external_isospectralization\code_for_3D\data\Bubble_Grasp_Deep_0.05x40\mesh_00007\mesh_00007.obj,ply,C:\Users\cahit\Isospectralization_Soft_Robots\external_isospectralization\code_for_3D\results\Cascade_Recon\mesh_00006\evals_20_iter299.ply,C:\Users\cahit\Isospectralization_Soft_Robots\external_isospectralization\code_for_3D\results\Cascade_Recon\mesh_00007,C:\Users\cahit\Isospectralization_Soft_Robots\external_isospectralization\code_for_3D\results\Cascade_Recon\mesh_00007\evals_20_iter299.ply,299,20,300,10,100000,2.0,0.02,250000000,0.005076912851092198,0.9029887310142087,0.9601613716591024,0.0006699507672785752,17,17,16
8,mesh_00008,C:\Users\cahit\Isospectralization_Soft_Robots\external_isospectralization\code_for_3D\data\Bubble_Grasp_Deep_0.05x40\mesh_00008,C:\Users\cahit\Isospectralization_Soft_Robots\external_isospectralization\code_for_3D\data\Bubble_Grasp_Deep_0.05x40\mesh_00008\mesh_00008.obj,ply,C:\Users\cahit\Isospectralization_Soft_Robots\external_isospectralization\code_for_3D\results\Cascade_Recon\mesh_00007\evals_20_iter299.ply,C:\Users\cahit\Isospectralization_Soft_Robots\external_isospectralization\code_for_3D\results\Cascade_Recon\mesh_00008,C:\Users\cahit\Isospectralization_Soft_Robots\external_isospectralization\code_for_3D\results\Cascade_Recon\mesh_00008\evals_20_iter299.ply,299,20,300,10,100000,2.0,0.02,250000000,0.005019151141380382,0.881155303030303,0.9415204678362573,0.0008440243354391885,18,18,16
9,mesh_00009,C:\Users\cahit\Isospectralization_Soft_Robots\external_isospectralization\code_for_3D\data\Bubble_Grasp_Deep_0.05x40\mesh_00009,C:\Users\cahit\Isospectralization_Soft_Robots\external_isospectralization\code_for_3D\data\Bubble_Grasp_Deep_0.05x40\mesh_00009\mesh_00009.obj,ply,C:\Users\cahit\Isospectralization_Soft_Robots\external_isospectralization\code_for_3D\results\Cascade_Recon\mesh_00008\evals_20_iter299.ply,C:\Users\cahit\Isospectralization_Soft_Robots\external_isospectralization\code_for_3D\results\Cascade_Recon\mesh_00009,C:\Users\cahit\Isospectralization_Soft_Robots\external_isospectralization\code_for_3D\results\Cascade_Recon\mesh_00009\evals_20_iter299.ply,299,20,300,10,100000,2.0,0.02,250000000,0.005155499467739532,0.8735926305015353,0.9352972119936875,0.0008164386989337799,17,17,16
10,mesh_00010,C:\Users\cahit\Isospectralization_Soft_Robots\external_isospectralization\code_for_3D\data\Bubble_Grasp_Deep_0.05x40\mesh_00010,C:\Users\cahit\Isospectralization_Soft_Robots\external_isospectralization\code_for_3D\data\Bubble_Grasp_Deep_0.05x40\mesh_00010\mesh_00010.obj,ply,C:\Users\cahit\Isospectralization_Soft_Robots\external_isospectralization\code_for_3D\results\Cascade_Recon\mesh_00009\evals_20_iter299.ply,C:\Users\cahit\Isospectralization_Soft_Robots\external_isospectralization\code_for_3D\results\Cascade_Recon\mesh_00010,C:\Users\cahit\Isospectralization_Soft_Robots\external_isospectralization\code_for_3D\results\Cascade_Recon\mesh_00010\evals_20_iter299.ply,299,20,300,10,100000,2.0,0.02,250000000,0.005127332671342934,0.8592111832251622,0.932952182952183,0.0007922794427490473,18,17,16
11,mesh_00011,C:\Users\cahit\Isospectralization_Soft_Robots\external_isospectralization\code_for_3D\data\Bubble_Grasp_Deep_0.05x40\mesh_00011,C:\Users\cahit\Isospectralization_Soft_Robots\external_isospectralization\code_for_3D\data\Bubble_Grasp_Deep_0.05x40\mesh_00011\mesh_00011.obj,ply,C:\Users\cahit\Isospectralization_Soft_Robots\external_isospectralization\code_for_3D\results\Cascade_Recon\mesh_00010\evals_20_iter299.ply,C:\Users\cahit\Isospectralization_Soft_Robots\external_isospectralization\code_for_3D\results\Cascade_Recon\mesh_00011,C:\Users\cahit\Isospectralization_Soft_Robots\external_isospectralization\code_for_3D\results\Cascade_Recon\mesh_00011\evals_20_iter299.ply,299,20,300,10,100000,2.0,0.02,250000000,0.005068042822301781,0.8429394812680115,0.9164582291145573,0.0008693799280252264,18,17,16
12,mesh_00012,C:\Users\cahit\Isospectralization_Soft_Robots\external_isospectralization\code_for_3D\data\Bubble_Grasp_Deep_0.05x40\mesh_00012,C:\Users\cahit\Isospectralization_Soft_Robots\external_isospectralization\code_for_3D\data\Bubble_Grasp_Deep_0.05x40\mesh_00012\mesh_00012.obj,ply,C:\Users\cahit\Isospectralization_Soft_Robots\external_isospectralization\code_for_3D\results\Cascade_Recon\mesh_00011\evals_20_iter299.ply,C:\Users\cahit\Isospectralization_Soft_Robots\external_isospectralization\code_for_3D\results\Cascade_Recon\mesh_00012,C:\Users\cahit\Isospectralization_Soft_Robots\external_isospectralization\code_for_3D\results\Cascade_Recon\mesh_00012\evals_20_iter299.ply,299,20,300,10,100000,2.0,0.02,250000000,0.005173170535462981,0.8168516649848637,0.9181721572794899,0.0009369386200738038,17,17,16
13,mesh_00013,C:\Users\cahit\Isospectralization_Soft_Robots\external_isospectralization\code_for_3D\data\Bubble_Grasp_Deep_0.05x40\mesh_00013,C:\Users\cahit\Isospectralization_Soft_Robots\external_isospectralization\code_for_3D\data\Bubble_Grasp_Deep_0.05x40\mesh_00013\mesh_00013.obj,ply,C:\Users\cahit\Isospectralization_Soft_Robots\external_isospectralization\code_for_3D\results\Cascade_Recon\mesh_00012\evals_20_iter299.ply,C:\Users\cahit\Isospectralization_Soft_Robots\external_isospectralization\code_for_3D\results\Cascade_Recon\mesh_00013,C:\Users\cahit\Isospectralization_Soft_Robots\external_isospectralization\code_for_3D\results\Cascade_Recon\mesh_00013\evals_20_iter299.ply,299,20,300,10,100000,2.0,0.02,250000000,0.00521702570847861,0.796002050230651,0.9064200217627857,0.0009441832768262555,17,17,16
14,mesh_00014,C:\Users\cahit\Isospectralization_Soft_Robots\external_isospectralization\code_for_3D\data\Bubble_Grasp_Deep_0.05x40\mesh_00014,C:\Users\cahit\Isospectralization_Soft_Robots\external_isospectralization\code_for_3D\data\Bubble_Grasp_Deep_0.05x40\mesh_00014\mesh_00014.obj,ply,C:\Users\cahit\Isospectralization_Soft_Robots\external_isospectralization\code_for_3D\results\Cascade_Recon\mesh_00013\evals_20_iter299.ply,C:\Users\cahit\Isospectralization_Soft_Robots\external_isospectralization\code_for_3D\results\Cascade_Recon\mesh_00014,C:\Users\cahit\Isospectralization_Soft_Robots\external_isospectralization\code_for_3D\results\Cascade_Recon\mesh_00014\evals_20_iter299.ply,299,20,300,10,100000,2.0,0.02,250000000,0.005176064466544042,0.7805970149253731,0.8972457627118644,0.0009555798816009355,17,17,16
15,mesh_00015,C:\Users\cahit\Isospectralization_Soft_Robots\external_isospectralization\code_for_3D\data\Bubble_Grasp_Deep_0.05x40\mesh_00015,C:\Users\cahit\Isospectralization_Soft_Robots\external_isospectralization\code_for_3D\data\Bubble_Grasp_Deep_0.05x40\mesh_00015\mesh_00015.obj,ply,C:\Users\cahit\Isospectralization_Soft_Robots\external_isospectralization\code_for_3D\results\Cascade_Recon\mesh_00014\evals_20_iter299.ply,C:\Users\cahit\Isospectralization_Soft_Robots\external_isospectralization\code_for_3D\results\Cascade_Recon\mesh_00015,C:\Users\cahit\Isospectralization_Soft_Robots\external_isospectralization\code_for_3D\results\Cascade_Recon\mesh_00015\evals_20_iter299.ply,299,20,300,10,100000,2.0,0.02,250000000,0.005079970524905433,0.7787193973634652,0.8941294530858003,0.0009671382700421418,18,17,16
16,mesh_00016,C:\Users\cahit\Isospectralization_Soft_Robots\external_isospectralization\code_for_3D\data\Bubble_Grasp_Deep_0.05x40\mesh_00016,C:\Users\cahit\Isospectralization_Soft_Robots\external_isospectralization\code_for_3D\data\Bubble_Grasp_Deep_0.05x40\mesh_00016\mesh_00016.obj,ply,C:\Users\cahit\Isospectralization_Soft_Robots\external_isospectralization\code_for_3D\results\Cascade_Recon\mesh_00015\evals_20_iter299.ply,C:\Users\cahit\Isospectralization_Soft_Robots\external_isospectralization\code_for_3D\results\Cascade_Recon\mesh_00016,C:\Users\cahit\Isospectralization_Soft_Robots\external_isospectralization\code_for_3D\results\Cascade_Recon\mesh_00016\evals_20_iter299.ply,299,20,300,10,100000,2.0,0.02,250000000,0.005129747087597584,0.7580722891566265,0.8826242952332137,0.0009704721172913145,18,17,16
17,mesh_00017,C:\Users\cahit\Isospectralization_Soft_Robots\external_isospectralization\code_for_3D\data\Bubble_Grasp_Deep_0.05x40\mesh_00017,C:\Users\cahit\Isospectralization_Soft_Robots\external_isospectralization\code_for_3D\data\Bubble_Grasp_Deep_0.05x40\mesh_00017\mesh_00017.obj,ply,C:\Users\cahit\Isospectralization_Soft_Robots\external_isospectralization\code_for_3D\results\Cascade_Recon\mesh_00016\evals_20_iter299.ply,C:\Users\cahit\Isospectralization_Soft_Robots\external_isospectralization\code_for_3D\results\Cascade_Recon\mesh_00017,C:\Users\cahit\Isospectralization_Soft_Robots\external_isospectralization\code_for_3D\results\Cascade_Recon\mesh_00017\evals_20_iter299.ply,299,20,300,10,100000,2.0,0.02,250000000,0.005207459517372698,0.7372116349047142,0.8815860945138512,0.0010096436717470386,17,17,16
18,mesh_00018,C:\Users\cahit\Isospectralization_Soft_Robots\external_isospectralization\code_for_3D\data\Bubble_Grasp_Deep_0.05x40\mesh_00018,C:\Users\cahit\Isospectralization_Soft_Robots\external_isospectralization\code_for_3D\data\Bubble_Grasp_Deep_0.05x40\mesh_00018\mesh_00018.obj,ply,C:\Users\cahit\Isospectralization_Soft_Robots\external_isospectralization\code_for_3D\results\Cascade_Recon\mesh_00017\evals_20_iter299.ply,C:\Users\cahit\Isospectralization_Soft_Robots\external_isospectralization\code_for_3D\results\Cascade_Recon\mesh_00018,C:\Users\cahit\Isospectralization_Soft_Robots\external_isospectralization\code_for_3D\results\Cascade_Recon\mesh_00018\evals_20_iter299.ply,299,20,300,10,100000,2.0,0.02,250000000,0.005157739856484787,0.724766125061546,0.8348861283643892,0.0010063807586451218,18,17,16
19,mesh_00019,C:\Users\cahit\Isospectralization_Soft_Robots\external_isospectralization\code_for_3D\data\Bubble_Grasp_Deep_0.05x40\mesh_00019,C:\Users\cahit\Isospectralization_Soft_Robots\external_isospectralization\code_for_3D\data\Bubble_Grasp_Deep_0.05x40\mesh_00019\mesh_00019.obj,ply,C:\Users\cahit\Isospectralization_Soft_Robots\external_isospectralization\code_for_3D\results\Cascade_Recon\mesh_00018\evals_20_iter299.ply,C:\Users\cahit\Isospectralization_Soft_Robots\external_isospectralization\code_for_3D\results\Cascade_Recon\mesh_00019,C:\Users\cahit\Isospectralization_Soft_Robots\external_isospectralization\code_for_3D\results\Cascade_Recon\mesh_00019\evals_20_iter299.ply,299,20,300,10,100000,2.0,0.02,250000000,0.005173990747014435,0.7196819085487077,0.8350026357406432,0.0009758131077114837,18,17,16
20,mesh_00020,C:\Users\cahit\Isospectralization_Soft_Robots\external_isospectralization\code_for_3D\data\Bubble_Grasp_Deep_0.05x40\mesh_00020,C:\Users\cahit\Isospectralization_Soft_Robots\external_isospectralization\code_for_3D\data\Bubble_Grasp_Deep_0.05x40\mesh_00020\mesh_00020.obj,ply,C:\Users\cahit\Isospectralization_Soft_Robots\external_isospectralization\code_for_3D\results\Cascade_Recon\mesh_00019\evals_20_iter299.ply,C:\Users\cahit\Isospectralization_Soft_Robots\external_isospectralization\code_for_3D\results\Cascade_Recon\mesh_00020,C:\Users\cahit\Isospectralization_Soft_Robots\external_isospectralization\code_for_3D\results\Cascade_Recon\mesh_00020\evals_20_iter299.ply,299,20,300,10,100000,2.0,0.02,250000000,0.005195127667125264,0.7030150753768845,0.8372844827586207,0.0010231187099478184,18,17,16
21,mesh_00021,C:\Users\cahit\Isospectralization_Soft_Robots\external_isospectralization\code_for_3D\data\Bubble_Grasp_Deep_0.05x40\mesh_00021,C:\Users\cahit\Isospectralization_Soft_Robots\external_isospectralization\code_for_3D\data\Bubble_Grasp_Deep_0.05x40\mesh_00021\mesh_00021.obj,ply,C:\Users\cahit\Isospectralization_Soft_Robots\external_isospectralization\code_for_3D\results\Cascade_Recon\mesh_00020\evals_20_iter299.ply,C:\Users\cahit\Isospectralization_Soft_Robots\external_isospectralization\code_for_3D\results\Cascade_Recon\mesh_00021,C:\Users\cahit\Isospectralization_Soft_Robots\external_isospectralization\code_for_3D\results\Cascade_Recon\mesh_00021\evals_20_iter299.ply,299,20,300,10,100000,2.0,0.02,250000000,0.005245784335370776,0.7032457496136012,0.8349944629014396,0.0009892963041938927,17,17,16
22,mesh_00022,C:\Users\cahit\Isospectralization_Soft_Robots\external_isospectralization\code_for_3D\data\Bubble_Grasp_Deep_0.05x40\mesh_00022,C:\Users\cahit\Isospectralization_Soft_Robots\external_isospectralization\code_for_3D\data\Bubble_Grasp_Deep_0.05x40\mesh_00022\mesh_00022.obj,ply,C:\Users\cahit\Isospectralization_Soft_Robots\external_isospectralization\code_for_3D\results\Cascade_Recon\mesh_00021\evals_20_iter299.ply,C:\Users\cahit\Isospectralization_Soft_Robots\external_isospectralization\code_for_3D\results\Cascade_Recon\mesh_00022,C:\Users\cahit\Isospectralization_Soft_Robots\external_isospectralization\code_for_3D\results\Cascade_Recon\mesh_00022\evals_20_iter299.ply,299,20,300,10,100000,2.0,0.02,250000000,0.005170683891212525,0.698961937716263,0.8377518557794273,0.0009954913803758374,18,17,16
23,mesh_00023,C:\Users\cahit\Isospectralization_Soft_Robots\external_isospectralization\code_for_3D\data\Bubble_Grasp_Deep_0.05x40\mesh_00023,C:\Users\cahit\Isospectralization_Soft_Robots\external_isospectralization\code_for_3D\data\Bubble_Grasp_Deep_0.05x40\mesh_00023\mesh_00023.obj,ply,C:\Users\cahit\Isospectralization_Soft_Robots\external_isospectralization\code_for_3D\results\Cascade_Recon\mesh_00022\evals_20_iter299.ply,C:\Users\cahit\Isospectralization_Soft_Robots\external_isospectralization\code_for_3D\results\Cascade_Recon\mesh_00023,C:\Users\cahit\Isospectralization_Soft_Robots\external_isospectralization\code_for_3D\results\Cascade_Recon\mesh_00023\evals_20_iter299.ply,299,20,300,10,100000,2.0,0.02,250000000,0.00509140755298541,0.7009433962264151,0.8264132066033016,0.001024024049215062,18,18,16
24,mesh_00024,C:\Users\cahit\Isospectralization_Soft_Robots\external_isospectralization\code_for_3D\data\Bubble_Grasp_Deep_0.05x40\mesh_00024,C:\Users\cahit\Isospectralization_Soft_Robots\external_isospectralization\code_for_3D\data\Bubble_Grasp_Deep_0.05x40\mesh_00024\mesh_00024.obj,ply,C:\Users\cahit\Isospectralization_Soft_Robots\external_isospectralization\code_for_3D\results\Cascade_Recon\mesh_00023\evals_20_iter299.ply,C:\Users\cahit\Isospectralization_Soft_Robots\external_isospectralization\code_for_3D\results\Cascade_Recon\mesh_00024,C:\Users\cahit\Isospectralization_Soft_Robots\external_isospectralization\code_for_3D\results\Cascade_Recon\mesh_00024\evals_20_iter299.ply,299,20,300,10,100000,2.0,0.02,250000000,0.005006068891578031,0.7128801431127012,0.8277511961722488,0.0009852299303162392,18,18,17
25,mesh_00025,C:\Users\cahit\Isospectralization_Soft_Robots\external_isospectralization\code_for_3D\data\Bubble_Grasp_Deep_0.05x40\mesh_00025,C:\Users\cahit\Isospectralization_Soft_Robots\external_isospectralization\code_for_3D\data\Bubble_Grasp_Deep_0.05x40\mesh_00025\mesh_00025.obj,ply,C:\Users\cahit\Isospectralization_Soft_Robots\external_isospectralization\code_for_3D\results\Cascade_Recon\mesh_00024\evals_20_iter299.ply,C:\Users\cahit\Isospectralization_Soft_Robots\external_isospectralization\code_for_3D\results\Cascade_Recon\mesh_00025,C:\Users\cahit\Isospectralization_Soft_Robots\external_isospectralization\code_for_3D\results\Cascade_Recon\mesh_00025\evals_20_iter299.ply,299,20,300,10,100000,2.0,0.02,250000000,0.005150171201220562,0.7090729783037475,0.8382198952879581,0.001022692411320874,18,17,16
26,mesh_00026,C:\Users\cahit\Isospectralization_Soft_Robots\external_isospectralization\code_for_3D\data\Bubble_Grasp_Deep_0.05x40\mesh_00026,C:\Users\cahit\Isospectralization_Soft_Robots\external_isospectralization\code_for_3D\data\Bubble_Grasp_Deep_0.05x40\mesh_00026\mesh_00026.obj,ply,C:\Users\cahit\Isospectralization_Soft_Robots\external_isospectralization\code_for_3D\results\Cascade_Recon\mesh_00025\evals_20_iter299.ply,C:\Users\cahit\Isospectralization_Soft_Robots\external_isospectralization\code_for_3D\results\Cascade_Recon\mesh_00026,C:\Users\cahit\Isospectralization_Soft_Robots\external_isospectralization\code_for_3D\results\Cascade_Recon\mesh_00026\evals_20_iter299.ply,299,20,300,10,100000,2.0,0.02,250000000,0.005099717969909242,0.7088305489260143,0.8285134449518011,0.0009700931204073368,18,18,16
27,mesh_00027,C:\Users\cahit\Isospectralization_Soft_Robots\external_isospectralization\code_for_3D\data\Bubble_Grasp_Deep_0.05x40\mesh_00027,C:\Users\cahit\Isospectralization_Soft_Robots\external_isospectralization\code_for_3D\data\Bubble_Grasp_Deep_0.05x40\mesh_00027\mesh_00027.obj,ply,C:\Users\cahit\Isospectralization_Soft_Robots\external_isospectralization\code_for_3D\results\Cascade_Recon\mesh_00026\evals_20_iter299.ply,C:\Users\cahit\Isospectralization_Soft_Robots\external_isospectralization\code_for_3D\results\Cascade_Recon\mesh_00027,C:\Users\cahit\Isospectralization_Soft_Robots\external_isospectralization\code_for_3D\results\Cascade_Recon\mesh_00027\evals_20_iter299.ply,299,20,300,10,100000,2.0,0.02,250000000,0.0051637454616421,0.7108792846497765,0.8333333333333334,0.0009919668177957204,18,17,16
28,mesh_00028,C:\Users\cahit\Isospectralization_Soft_Robots\external_isospectralization\code_for_3D\data\Bubble_Grasp_Deep_0.05x40\mesh_00028,C:\Users\cahit\Isospectralization_Soft_Robots\external_isospectralization\code_for_3D\data\Bubble_Grasp_Deep_0.05x40\mesh_00028\mesh_00028.obj,ply,C:\Users\cahit\Isospectralization_Soft_Robots\external_isospectralization\code_for_3D\results\Cascade_Recon\mesh_00027\evals_20_iter299.ply,C:\Users\cahit\Isospectralization_Soft_Robots\external_isospectralization\code_for_3D\results\Cascade_Recon\mesh_00028,C:\Users\cahit\Isospectralization_Soft_Robots\external_isospectralization\code_for_3D\results\Cascade_Recon\mesh_00028\evals_20_iter299.ply,299,20,300,10,100000,2.0,0.02,250000000,0.005132507670277276,0.7179111761835042,0.8366285119667014,0.000976982703357385,18,17,16
29,mesh_00029,C:\Users\cahit\Isospectralization_Soft_Robots\external_isospectralization\code_for_3D\data\Bubble_Grasp_Deep_0.05x40\mesh_00029,C:\Users\cahit\Isospectralization_Soft_Robots\external_isospectralization\code_for_3D\data\Bubble_Grasp_Deep_0.05x40\mesh_00029\mesh_00029.obj,ply,C:\Users\cahit\Isospectralization_Soft_Robots\external_isospectralization\code_for_3D\results\Cascade_Recon\mesh_00028\evals_20_iter299.ply,C:\Users\cahit\Isospectralization_Soft_Robots\external_isospectralization\code_for_3D\results\Cascade_Recon\mesh_00029,C:\Users\cahit\Isospectralization_Soft_Robots\external_isospectralization\code_for_3D\results\Cascade_Recon\mesh_00029\evals_20_iter299.ply,299,20,300,10,100000,2.0,0.02,250000000,0.005172632344582574,0.7325289089994972,0.8457844183564568,0.0009634191866978116,18,17,16
30,mesh_00030,C:\Users\cahit\Isospectralization_Soft_Robots\external_isospectralization\code_for_3D\data\Bubble_Grasp_Deep_0.05x40\mesh_00030,C:\Users\cahit\Isospectralization_Soft_Robots\external_isospectralization\code_for_3D\data\Bubble_Grasp_Deep_0.05x40\mesh_00030\mesh_00030.obj,ply,C:\Users\cahit\Isospectralization_Soft_Robots\external_isospectralization\code_for_3D\results\Cascade_Recon\mesh_00029\evals_20_iter299.ply,C:\Users\cahit\Isospectralization_Soft_Robots\external_isospectralization\code_for_3D\results\Cascade_Recon\mesh_00030,C:\Users\cahit\Isospectralization_Soft_Robots\external_isospectralization\code_for_3D\results\Cascade_Recon\mesh_00030\evals_20_iter299.ply,299,20,300,10,100000,2.0,0.02,250000000,0.005174708192238311,0.7419028340080972,0.839572192513369,0.0010121976478459547,18,17,16
31,mesh_00031,C:\Users\cahit\Isospectralization_Soft_Robots\external_isospectralization\code_for_3D\data\Bubble_Grasp_Deep_0.05x40\mesh_00031,C:\Users\cahit\Isospectralization_Soft_Robots\external_isospectralization\code_for_3D\data\Bubble_Grasp_Deep_0.05x40\mesh_00031\mesh_00031.obj,ply,C:\Users\cahit\Isospectralization_Soft_Robots\external_isospectralization\code_for_3D\results\Cascade_Recon\mesh_00030\evals_20_iter299.ply,C:\Users\cahit\Isospectralization_Soft_Robots\external_isospectralization\code_for_3D\results\Cascade_Recon\mesh_00031,C:\Users\cahit\Isospectralization_Soft_Robots\external_isospectralization\code_for_3D\results\Cascade_Recon\mesh_00031\evals_20_iter299.ply,299,20,300,10,100000,2.0,0.02,250000000,0.005188807848789577,0.7511497189575882,0.8546731496488384,0.0010184167176027531,17,17,16
32,mesh_00032,C:\Users\cahit\Isospectralization_Soft_Robots\external_isospectralization\code_for_3D\data\Bubble_Grasp_Deep_0.05x40\mesh_00032,C:\Users\cahit\Isospectralization_Soft_Robots\external_isospectralization\code_for_3D\data\Bubble_Grasp_Deep_0.05x40\mesh_00032\mesh_00032.obj,ply,C:\Users\cahit\Isospectralization_Soft_Robots\external_isospectralization\code_for_3D\results\Cascade_Recon\mesh_00031\evals_20_iter299.ply,C:\Users\cahit\Isospectralization_Soft_Robots\external_isospectralization\code_for_3D\results\Cascade_Recon\mesh_00032,C:\Users\cahit\Isospectralization_Soft_Robots\external_isospectralization\code_for_3D\results\Cascade_Recon\mesh_00032\evals_20_iter299.ply,299,20,300,10,100000,2.0,0.02,250000000,0.005117211338554512,0.7727047146401985,0.8548387096774194,0.001021012931294657,18,17,16
33,mesh_00033,C:\Users\cahit\Isospectralization_Soft_Robots\external_isospectralization\code_for_3D\data\Bubble_Grasp_Deep_0.05x40\mesh_00033,C:\Users\cahit\Isospectralization_Soft_Robots\external_isospectralization\code_for_3D\data\Bubble_Grasp_Deep_0.05x40\mesh_00033\mesh_00033.obj,ply,C:\Users\cahit\Isospectralization_Soft_Robots\external_isospectralization\code_for_3D\results\Cascade_Recon\mesh_00032\evals_20_iter299.ply,C:\Users\cahit\Isospectralization_Soft_Robots\external_isospectralization\code_for_3D\results\Cascade_Recon\mesh_00033,C:\Users\cahit\Isospectralization_Soft_Robots\external_isospectralization\code_for_3D\results\Cascade_Recon\mesh_00033\evals_20_iter299.ply,299,20,300,10,100000,2.0,0.02,250000000,0.005205513537528204,0.7697916666666667,0.8546543277082199,0.0010153628490895772,17,17,16
34,mesh_00034,C:\Users\cahit\Isospectralization_Soft_Robots\external_isospectralization\code_for_3D\data\Bubble_Grasp_Deep_0.05x40\mesh_00034,C:\Users\cahit\Isospectralization_Soft_Robots\external_isospectralization\code_for_3D\data\Bubble_Grasp_Deep_0.05x40\mesh_00034\mesh_00034.obj,ply,C:\Users\cahit\Isospectralization_Soft_Robots\external_isospectralization\code_for_3D\results\Cascade_Recon\mesh_00033\evals_20_iter299.ply,C:\Users\cahit\Isospectralization_Soft_Robots\external_isospectralization\code_for_3D\results\Cascade_Recon\mesh_00034,C:\Users\cahit\Isospectralization_Soft_Robots\external_isospectralization\code_for_3D\results\Cascade_Recon\mesh_00034\evals_20_iter299.ply,299,20,300,10,100000,2.0,0.02,250000000,0.005176062868596527,0.7816504356740134,0.8632202477113624,0.0009957481656012199,17,17,16
35,mesh_00035,C:\Users\cahit\Isospectralization_Soft_Robots\external_isospectralization\code_for_3D\data\Bubble_Grasp_Deep_0.05x40\mesh_00035,C:\Users\cahit\Isospectralization_Soft_Robots\external_isospectralization\code_for_3D\data\Bubble_Grasp_Deep_0.05x40\mesh_00035\mesh_00035.obj,ply,C:\Users\cahit\Isospectralization_Soft_Robots\external_isospectralization\code_for_3D\results\Cascade_Recon\mesh_00034\evals_20_iter299.ply,C:\Users\cahit\Isospectralization_Soft_Robots\external_isospectralization\code_for_3D\results\Cascade_Recon\mesh_00035,C:\Users\cahit\Isospectralization_Soft_Robots\external_isospectralization\code_for_3D\results\Cascade_Recon\mesh_00035\evals_20_iter299.ply,299,20,300,10,100000,2.0,0.02,250000000,0.005104559288630916,0.8024012006003002,0.8668746749869994,0.0010489193953720527,17,17,17
36,mesh_00036,C:\Users\cahit\Isospectralization_Soft_Robots\external_isospectralization\code_for_3D\data\Bubble_Grasp_Deep_0.05x40\mesh_00036,C:\Users\cahit\Isospectralization_Soft_Robots\external_isospectralization\code_for_3D\data\Bubble_Grasp_Deep_0.05x40\mesh_00036\mesh_00036.obj,ply,C:\Users\cahit\Isospectralization_Soft_Robots\external_isospectralization\code_for_3D\results\Cascade_Recon\mesh_00035\evals_20_iter299.ply,C:\Users\cahit\Isospectralization_Soft_Robots\external_isospectralization\code_for_3D\results\Cascade_Recon\mesh_00036,C:\Users\cahit\Isospectralization_Soft_Robots\external_isospectralization\code_for_3D\results\Cascade_Recon\mesh_00036\evals_20_iter299.ply,299,20,300,10,100000,2.0,0.02,250000000,0.0050955624123500565,0.8081918081918081,0.8576548899129545,0.001069886819200411,17,17,16
37,mesh_00037,C:\Users\cahit\Isospectralization_Soft_Robots\external_isospectralization\code_for_3D\data\Bubble_Grasp_Deep_0.05x40\mesh_00037,C:\Users\cahit\Isospectralization_Soft_Robots\external_isospectralization\code_for_3D\data\Bubble_Grasp_Deep_0.05x40\mesh_00037\mesh_00037.obj,ply,C:\Users\cahit\Isospectralization_Soft_Robots\external_isospectralization\code_for_3D\results\Cascade_Recon\mesh_00036\evals_20_iter299.ply,C:\Users\cahit\Isospectralization_Soft_Robots\external_isospectralization\code_for_3D\results\Cascade_Recon\mesh_00037,C:\Users\cahit\Isospectralization_Soft_Robots\external_isospectralization\code_for_3D\results\Cascade_Recon\mesh_00037\evals_20_iter299.ply,299,20,300,10,100000,2.0,0.02,250000000,0.00509276364866718,0.7969061876247505,0.8377281947261663,0.00098816663677961,17,17,16
38,mesh_00038,C:\Users\cahit\Isospectralization_Soft_Robots\external_isospectralization\code_for_3D\data\Bubble_Grasp_Deep_0.05x40\mesh_00038,C:\Users\cahit\Isospectralization_Soft_Robots\external_isospectralization\code_for_3D\data\Bubble_Grasp_Deep_0.05x40\mesh_00038\mesh_00038.obj,ply,C:\Users\cahit\Isospectralization_Soft_Robots\external_isospectralization\code_for_3D\results\Cascade_Recon\mesh_00037\evals_20_iter299.ply,C:\Users\cahit\Isospectralization_Soft_Robots\external_isospectralization\code_for_3D\results\Cascade_Recon\mesh_00038,C:\Users\cahit\Isospectralization_Soft_Robots\external_isospectralization\code_for_3D\results\Cascade_Recon\mesh_00038\evals_20_iter299.ply,299,20,300,10,100000,2.0,0.02,250000000,0.00517105185154965,0.7966544694197596,0.8364510956707643,0.0009798792982288953,17,17,16
39,mesh_00039,C:\Users\cahit\Isospectralization_Soft_Robots\external_isospectralization\code_for_3D\data\Bubble_Grasp_Deep_0.05x40\mesh_00039,C:\Users\cahit\Isospectralization_Soft_Robots\external_isospectralization\code_for_3D\data\Bubble_Grasp_Deep_0.05x40\mesh_00039\mesh_00039.obj,ply,C:\Users\cahit\Isospectralization_Soft_Robots\external_isospectralization\code_for_3D\results\Cascade_Recon\mesh_00038\evals_20_iter299.ply,C:\Users\cahit\Isospectralization_Soft_Robots\external_isospectralization\code_for_3D\results\Cascade_Recon\mesh_00039,C:\Users\cahit\Isospectralization_Soft_Robots\external_isospectralization\code_for_3D\results\Cascade_Recon\mesh_00039\evals_20_iter299.ply,299,20,300,10,100000,2.0,0.02,250000000,0.005179294356384536,0.81,0.829073482428115,0.0010149006995823148,17,17,16
40,mesh_00040,C:\Users\cahit\Isospectralization_Soft_Robots\external_isospectralization\code_for_3D\data\Bubble_Grasp_Deep_0.05x40\mesh_00040,C:\Users\cahit\Isospectralization_Soft_Robots\external_isospectralization\code_for_3D\data\Bubble_Grasp_Deep_0.05x40\mesh_00040\mesh_00040.obj,ply,C:\Users\cahit\Isospectralization_Soft_Robots\external_isospectralization\code_for_3D\results\Cascade_Recon\mesh_00039\evals_20_iter299.ply,C:\Users\cahit\Isospectralization_Soft_Robots\external_isospectralization\code_for_3D\results\Cascade_Recon\mesh_00040,C:\Users\cahit\Isospectralization_Soft_Robots\external_isospectralization\code_for_3D\results\Cascade_Recon\mesh_00040\evals_20_iter299.ply,299,20,300,10,100000,2.0,0.02,250000000,0.005133775431167498,0.8176197836166924,0.8314315352697096,0.0009851423349745202,17,17,16
