mesh_idx,mesh_name,nevals,target_dir,target_obj,init_kind,init_path,results_step_dir,recon_ply,used_iter,numsteps,checkpoint,n_points,iou_pitch_mult,padding,max_voxels,pitch,iou_naive,iou_aligned,rmse,grid_dim_x,grid_dim_y,grid_dim_z
6,mesh_00006,50,C:\Users\cagri\Isospectralization_Soft_Robots\external_isospectralization\code_for_3D\data\Bubble_Grasp_Deep_0.05x40\mesh_00006,C:\Users\cagri\Isospectralization_Soft_Robots\external_isospectralization\code_for_3D\data\Bubble_Grasp_Deep_0.05x40\mesh_00006\mesh_00006.obj,dir,C:\Users\cagri\Isospectralization_Soft_Robots\external_isospectralization\code_for_3D\data\Drake_Sphere,C:\Users\cagri\Isospectralization_Soft_Robots\external_isospectralization\code_for_3D\results\Cascade_Recon\nevals_50\mesh_00006,C:\Users\cagri\Isospectralization_Soft_Robots\external_isospectralization\code_for_3D\results\Cascade_Recon\nevals_50\mesh_00006\evals_50_iter299.ply,299,300,10,100000,2.0,0.02,250000000,0.005096073070375502,0.9117063492063492,0.9532282663955262,0.0007111321788484382,17,17,16
7,mesh_00007,50,C:\Users\cagri\Isospectralization_Soft_Robots\external_isospectralization\code_for_3D\data\Bubble_Grasp_Deep_0.05x40\mesh_00007,C:\Users\cagri\Isospectralization_Soft_Robots\external_isospectralization\code_for_3D\data\Bubble_Grasp_Deep_0.05x40\mesh_00007\mesh_00007.obj,ply,C:\Users\cagri\Isospectralization_Soft_Robots\external_isospectralization\code_for_3D\results\Cascade_Recon\nevals_50\mesh_00006\evals_50_iter299.ply,C:\Users\cagri\Isospectralization_Soft_Robots\external_isospectralization\code_for_3D\results\Cascade_Recon\nevals_50\mesh_00007,C:\Users\cagri\Isospectralization_Soft_Robots\external_isospectralization\code_for_3D\results\Cascade_Recon\nevals_50\mesh_00007\evals_50_iter299.ply,299,300,10,100000,2.0,0.02,250000000,0.005157861105429749,0.9070364663585002,0.9552160168598525,0.0006529942946371762,17,17,16
8,mesh_00008,50,C:\Users\cagri\Isospectralization_Soft_Robots\external_isospectralization\code_for_3D\data\Bubble_Grasp_Deep_0.05x40\mesh_00008,C:\Users\cagri\Isospectralization_Soft_Robots\external_isospectralization\code_for_3D\data\Bubble_Grasp_Deep_0.05x40\mesh_00008\mesh_00008.obj,ply,C:\Users\cagri\Isospectralization_Soft_Robots\external_isospectralization\code_for_3D\results\Cascade_Recon\nevals_50\mesh_00007\evals_50_iter299.ply,C:\Users\cagri\Isospectralization_Soft_Robots\external_isospectralization\code_for_3D\results\Cascade_Recon\nevals_50\mesh_00008,C:\Users\cagri\Isospectralization_Soft_Robots\external_isospectralization\code_for_3D\results\Cascade_Recon\nevals_50\mesh_00008\evals_50_iter299.ply,299,300,10,100000,2.0,0.02,250000000,0.005080821127169414,0.8962635201573255,0.9464916708732963,0.0007075462356425687,17,17,16
9,mesh_00009,50,C:\Users\cagri\Isospectralization_Soft_Robots\external_isospectralization\code_for_3D\data\Bubble_Grasp_Deep_0.05x40\mesh_00009,C:\Users\cagri\Isospectralization_Soft_Robots\external_isospectralization\code_for_3D\data\Bubble_Grasp_Deep_0.05x40\mesh_00009\mesh_00009.obj,ply,C:\Users\cagri\Isospectralization_Soft_Robots\external_isospectralization\code_for_3D\results\Cascade_Recon\nevals_50\mesh_00008\evals_50_iter299.ply,C:\Users\cagri\Isospectralization_Soft_Robots\external_isospectralization\code_for_3D\results\Cascade_Recon\nevals_50\mesh_00009,C:\Users\cagri\Isospectralization_Soft_Robots\external_isospectralization\code_for_3D\results\Cascade_Recon\nevals_50\mesh_00009\evals_50_iter299.ply,299,300,10,100000,2.0,0.02,250000000,0.005136465614884476,0.8807017543859649,0.9516129032258065,0.000709972411431609,17,17,16
10,mesh_00010,50,C:\Users\cagri\Isospectralization_Soft_Robots\external_isospectralization\code_for_3D\data\Bubble_Grasp_Deep_0.05x40\mesh_00010,C:\Users\cagri\Isospectralization_Soft_Robots\external_isospectralization\code_for_3D\data\Bubble_Grasp_Deep_0.05x40\mesh_00010\mesh_00010.obj,ply,C:\Users\cagri\Isospectralization_Soft_Robots\external_isospectralization\code_for_3D\results\Cascade_Recon\nevals_50\mesh_00009\evals_50_iter299.ply,C:\Users\cagri\Isospectralization_Soft_Robots\external_isospectralization\code_for_3D\results\Cascade_Recon\nevals_50\mesh_00010,C:\Users\cagri\Isospectralization_Soft_Robots\external_isospectralization\code_for_3D\results\Cascade_Recon\nevals_50\mesh_00010\evals_50_iter299.ply,299,300,10,100000,2.0,0.02,250000000,0.005112719679560376,0.8707920792079208,0.9479381443298969,0.0007667633696939346,17,17,16
11,mesh_00011,50,C:\Users\cagri\Isospectralization_Soft_Robots\external_isospectralization\code_for_3D\data\Bubble_Grasp_Deep_0.05x40\mesh_00011,C:\Users\cagri\Isospectralization_Soft_Robots\external_isospectralization\code_for_3D\data\Bubble_Grasp_Deep_0.05x40\mesh_00011\mesh_00011.obj,ply,C:\Users\cagri\Isospectralization_Soft_Robots\external_isospectralization\code_for_3D\results\Cascade_Recon\nevals_50\mesh_00010\evals_50_iter299.ply,C:\Users\cagri\Isospectralization_Soft_Robots\external_isospectralization\code_for_3D\results\Cascade_Recon\nevals_50\mesh_00011,C:\Users\cagri\Isospectralization_Soft_Robots\external_isospectralization\code_for_3D\results\Cascade_Recon\nevals_50\mesh_00011\evals_50_iter299.ply,299,300,10,100000,2.0,0.02,250000000,0.005138120398946341,0.8578528827037774,0.9418483904465212,0.0007902602253689303,17,17,16
12,mesh_00012,50,C:\Users\cagri\Isospectralization_Soft_Robots\external_isospectralization\code_for_3D\data\Bubble_Grasp_Deep_0.05x40\mesh_00012,C:\Users\cagri\Isospectralization_Soft_Robots\external_isospectralization\code_for_3D\data\Bubble_Grasp_Deep_0.05x40\mesh_00012\mesh_00012.obj,ply,C:\Users\cagri\Isospectralization_Soft_Robots\external_isospectralization\code_for_3D\results\Cascade_Recon\nevals_50\mesh_00011\evals_50_iter299.ply,C:\Users\cagri\Isospectralization_Soft_Robots\external_isospectralization\code_for_3D\results\Cascade_Recon\nevals_50\mesh_00012,C:\Users\cagri\Isospectralization_Soft_Robots\external_isospectralization\code_for_3D\results\Cascade_Recon\nevals_50\mesh_00012\evals_50_iter299.ply,299,300,10,100000,2.0,0.02,250000000,0.0051551787680422095,0.8339960238568589,0.9305628616517623,0.0009032104795156401,17,17,16
13,mesh_00013,50,C:\Users\cagri\Isospectralization_Soft_Robots\external_isospectralization\code_for_3D\data\Bubble_Grasp_Deep_0.05x40\mesh_00013,C:\Users\cagri\Isospectralization_Soft_Robots\external_isospectralization\code_for_3D\data\Bubble_Grasp_Deep_0.05x40\mesh_00013\mesh_00013.obj,ply,C:\Users\cagri\Isospectralization_Soft_Robots\external_isospectralization\code_for_3D\results\Cascade_Recon\nevals_50\mesh_00012\evals_50_iter299.ply,C:\Users\cagri\Isospectralization_Soft_Robots\external_isospectralization\code_for_3D\results\Cascade_Recon\nevals_50\mesh_00013,C:\Users\cagri\Isospectralization_Soft_Robots\external_isospectralization\code_for_3D\results\Cascade_Recon\nevals_50\mesh_00013\evals_50_iter299.ply,299,300,10,100000,2.0,0.02,250000000,0.005136408017847106,0.8072407045009785,0.9183040330920372,0.0009403314398177742,17,17,16
14,mesh_00014,50,C:\Users\cagri\Isospectralization_Soft_Robots\external_isospectralization\code_for_3D\data\Bubble_Grasp_Deep_0.05x40\mesh_00014,C:\Users\cagri\Isospectralization_Soft_Robots\external_isospectralization\code_for_3D\data\Bubble_Grasp_Deep_0.05x40\mesh_00014\mesh_00014.obj,ply,C:\Users\cagri\Isospectralization_Soft_Robots\external_isospectralization\code_for_3D\results\Cascade_Recon\nevals_50\mesh_00013\evals_50_iter299.ply,C:\Users\cagri\Isospectralization_Soft_Robots\external_isospectralization\code_for_3D\results\Cascade_Recon\nevals_50\mesh_00014,C:\Users\cagri\Isospectralization_Soft_Robots\external_isospectralization\code_for_3D\results\Cascade_Recon\nevals_50\mesh_00014\evals_50_iter299.ply,299,300,10,100000,2.0,0.02,250000000,0.005145346164926796,0.7918507609229258,0.8995859213250518,0.0009508697323686481,17,17,16
15,mesh_00015,50,C:\Users\cagri\Isospectralization_Soft_Robots\external_isospectralization\code_for_3D\data\Bubble_Grasp_Deep_0.05x40\mesh_00015,C:\Users\cagri\Isospectralization_Soft_Robots\external_isospectralization\code_for_3D\data\Bubble_Grasp_Deep_0.05x40\mesh_00015\mesh_00015.obj,ply,C:\Users\cagri\Isospectralization_Soft_Robots\external_isospectralization\code_for_3D\results\Cascade_Recon\nevals_50\mesh_00014\evals_50_iter299.ply,C:\Users\cagri\Isospectralization_Soft_Robots\external_isospectralization\code_for_3D\results\Cascade_Recon\nevals_50\mesh_00015,C:\Users\cagri\Isospectralization_Soft_Robots\external_isospectralization\code_for_3D\results\Cascade_Recon\nevals_50\mesh_00015\evals_50_iter299.ply,299,300,10,100000,2.0,0.02,250000000,0.005209015649685381,0.7650872817955112,0.8949353448275862,0.0009795234550912155,17,17,16
16,mesh_00016,50,C:\Users\cagri\Isospectralization_Soft_Robots\external_isospectralization\code_for_3D\data\Bubble_Grasp_Deep_0.05x40\mesh_00016,C:\Users\cagri\Isospectralization_Soft_Robots\external_isospectralization\code_for_3D\data\Bubble_Grasp_Deep_0.05x40\mesh_00016\mesh_00016.obj,ply,C:\Users\cagri\Isospectralization_Soft_Robots\external_isospectralization\code_for_3D\results\Cascade_Recon\nevals_50\mesh_00015\evals_50_iter299.ply,C:\Users\cagri\Isospectralization_Soft_Robots\external_isospectralization\code_for_3D\results\Cascade_Recon\nevals_50\mesh_00016,C:\Users\cagri\Isospectralization_Soft_Robots\external_isospectralization\code_for_3D\results\Cascade_Recon\nevals_50\mesh_00016\evals_50_iter299.ply,299,300,10,100000,2.0,0.02,250000000,0.005122270572570001,0.7398761314911863,0.8680306905370844,0.0010137104884989268,18,18,16
17,mesh_00017,50,C:\Users\cagri\Isospectralization_Soft_Robots\external_isospectralization\code_for_3D\data\Bubble_Grasp_Deep_0.05x40\mesh_00017,C:\Users\cagri\Isospectralization_Soft_Robots\external_isospectralization\code_for_3D\data\Bubble_Grasp_Deep_0.05x40\mesh_00017\mesh_00017.obj,ply,C:\Users\cagri\Isospectralization_Soft_Robots\external_isospectralization\code_for_3D\results\Cascade_Recon\nevals_50\mesh_00016\evals_50_iter299.ply,C:\Users\cagri\Isospectralization_Soft_Robots\external_isospectralization\code_for_3D\results\Cascade_Recon\nevals_50\mesh_00017,C:\Users\cagri\Isospectralization_Soft_Robots\external_isospectralization\code_for_3D\results\Cascade_Recon\nevals_50\mesh_00017\evals_50_iter299.ply,299,300,10,100000,2.0,0.02,250000000,0.005177013100389863,0.7212150906418422,0.8578174186778594,0.000984402788786198,18,18,16
18,mesh_00018,50,C:\Users\cagri\Isospectralization_Soft_Robots\external_isospectralization\code_for_3D\data\Bubble_Grasp_Deep_0.05x40\mesh_00018,C:\Users\cagri\Isospectralization_Soft_Robots\external_isospectralization\code_for_3D\data\Bubble_Grasp_Deep_0.05x40\mesh_00018\mesh_00018.obj,ply,C:\Users\cagri\Isospectralization_Soft_Robots\external_isospectralization\code_for_3D\results\Cascade_Recon\nevals_50\mesh_00017\evals_50_iter299.ply,C:\Users\cagri\Isospectralization_Soft_Robots\external_isospectralization\code_for_3D\results\Cascade_Recon\nevals_50\mesh_00018,C:\Users\cagri\Isospectralization_Soft_Robots\external_isospectralization\code_for_3D\results\Cascade_Recon\nevals_50\mesh_00018\evals_50_iter299.ply,299,300,10,100000,2.0,0.02,250000000,0.005234785359564597,0.7201210287443268,0.8596205962059621,0.0009945827234801316,17,17,16
19,mesh_00019,50,C:\Users\cagri\Isospectralization_Soft_Robots\external_isospectralization\code_for_3D\data\Bubble_Grasp_Deep_0.05x40\mesh_00019,C:\Users\cagri\Isospectralization_Soft_Robots\external_isospectralization\code_for_3D\data\Bubble_Grasp_Deep_0.05x40\mesh_00019\mesh_00019.obj,ply,C:\Users\cagri\Isospectralization_Soft_Robots\external_isospectralization\code_for_3D\results\Cascade_Recon\nevals_50\mesh_00018\evals_50_iter299.ply,C:\Users\cagri\Isospectralization_Soft_Robots\external_isospectralization\code_for_3D\results\Cascade_Recon\nevals_50\mesh_00019,C:\Users\cagri\Isospectralization_Soft_Robots\external_isospectralization\code_for_3D\results\Cascade_Recon\nevals_50\mesh_00019\evals_50_iter299.ply,299,300,10,100000,2.0,0.02,250000000,0.005114475195817251,0.7006993006993008,0.851063829787234,0.0010316141649627105,18,18,16
20,mesh_00020,50,C:\Users\cagri\Isospectralization_Soft_Robots\external_isospectralization\code_for_3D\data\Bubble_Grasp_Deep_0.05x40\mesh_00020,C:\Users\cagri\Isospectralization_Soft_Robots\external_isospectralization\code_for_3D\data\Bubble_Grasp_Deep_0.05x40\mesh_00020\mesh_00020.obj,ply,C:\Users\cagri\Isospectralization_Soft_Robots\external_isospectralization\code_for_3D\results\Cascade_Recon\nevals_50\mesh_00019\evals_50_iter299.ply,C:\Users\cagri\Isospectralization_Soft_Robots\external_isospectralization\code_for_3D\results\Cascade_Recon\nevals_50\mesh_00020,C:\Users\cagri\Isospectralization_Soft_Robots\external_isospectralization\code_for_3D\results\Cascade_Recon\nevals_50\mesh_00020\evals_50_iter299.ply,299,300,10,100000,2.0,0.02,250000000,0.005143484640517753,0.6916508538899431,0.8502316006176016,0.0010468387238340858,18,18,16
21,mesh_00021,50,C:\Users\cagri\Isospectralization_Soft_Robots\external_isospectralization\code_for_3D\data\Bubble_Grasp_Deep_0.05x40\mesh_00021,C:\Users\cagri\Isospectralization_Soft_Robots\external_isospectralization\code_for_3D\data\Bubble_Grasp_Deep_0.05x40\mesh_00021\mesh_00021.obj,ply,C:\Users\cagri\Isospectralization_Soft_Robots\external_isospectralization\code_for_3D\results\Cascade_Recon\nevals_50\mesh_00020\evals_50_iter299.ply,C:\Users\cagri\Isospectralization_Soft_Robots\external_isospectralization\code_for_3D\results\Cascade_Recon\nevals_50\mesh_00021,C:\Users\cagri\Isospectralization_Soft_Robots\external_isospectralization\code_for_3D\results\Cascade_Recon\nevals_50\mesh_00021\evals_50_iter299.ply,299,300,10,100000,2.0,0.02,250000000,0.005101256227096134,0.6952908587257618,0.8536953242835595,0.00102278173096213,18,18,16
22,mesh_00022,50,C:\Users\cagri\Isospectralization_Soft_Robots\external_isospectralization\code_for_3D\data\Bubble_Grasp_Deep_0.05x40\mesh_00022,C:\Users\cagri\Isospectralization_Soft_Robots\external_isospectralization\code_for_3D\data\Bubble_Grasp_Deep_0.05x40\mesh_00022\mesh_00022.obj,ply,C:\Users\cagri\Isospectralization_Soft_Robots\external_isospectralization\code_for_3D\results\Cascade_Recon\nevals_50\mesh_00021\evals_50_iter299.ply,C:\Users\cagri\Isospectralization_Soft_Robots\external_isospectralization\code_for_3D\results\Cascade_Recon\nevals_50\mesh_00022,C:\Users\cagri\Isospectralization_Soft_Robots\external_isospectralization\code_for_3D\results\Cascade_Recon\nevals_50\mesh_00022\evals_50_iter299.ply,299,300,10,100000,2.0,0.02,250000000,0.005176829705308163,0.6937590711175616,0.8509186351706036,0.0009922656216537313,18,17,16
23,mesh_00023,50,C:\Users\cagri\Isospectralization_Soft_Robots\external_isospectralization\code_for_3D\data\Bubble_Grasp_Deep_0.05x40\mesh_00023,C:\Users\cagri\Isospectralization_Soft_Robots\external_isospectralization\code_for_3D\data\Bubble_Grasp_Deep_0.05x40\mesh_00023\mesh_00023.obj,ply,C:\Users\cagri\Isospectralization_Soft_Robots\external_isospectralization\code_for_3D\results\Cascade_Recon\nevals_50\mesh_00022\evals_50_iter299.ply,C:\Users\cagri\Isospectralization_Soft_Robots\external_isospectralization\code_for_3D\results\Cascade_Recon\nevals_50\mesh_00023,C:\Users\cagri\Isospectralization_Soft_Robots\external_isospectralization\code_for_3D\results\Cascade_Recon\nevals_50\mesh_00023\evals_50_iter299.ply,299,300,10,100000,2.0,0.02,250000000,0.005163538150273874,0.691975012013455,0.8593831677992682,0.0010023762328896114,18,18,16
24,mesh_00024,50,C:\Users\cagri\Isospectralization_Soft_Robots\external_isospectralization\code_for_3D\data\Bubble_Grasp_Deep_0.05x40\mesh_00024,C:\Users\cagri\Isospectralization_Soft_Robots\external_isospectralization\code_for_3D\data\Bubble_Grasp_Deep_0.05x40\mesh_00024\mesh_00024.obj,ply,C:\Users\cagri\Isospectralization_Soft_Robots\external_isospectralization\code_for_3D\results\Cascade_Recon\nevals_50\mesh_00023\evals_50_iter299.ply,C:\Users\cagri\Isospectralization_Soft_Robots\external_isospectralization\code_for_3D\results\Cascade_Recon\nevals_50\mesh_00024,C:\Users\cagri\Isospectralization_Soft_Robots\external_isospectralization\code_for_3D\results\Cascade_Recon\nevals_50\mesh_00024\evals_50_iter299.ply,299,300,10,100000,2.0,0.02,250000000,0.005201535452109218,0.691515448749387,0.8551650692225772,0.0010225203880074943,17,17,16
25,mesh_00025,50,C:\Users\cagri\Isospectralization_Soft_Robots\external_isospectralization\code_for_3D\data\Bubble_Grasp_Deep_0.05x40\mesh_00025,C:\Users\cagri\Isospectralization_Soft_Robots\external_isospectralization\code_for_3D\data\Bubble_Grasp_Deep_0.05x40\mesh_00025\mesh_00025.obj,ply,C:\Users\cagri\Isospectralization_Soft_Robots\external_isospectralization\code_for_3D\results\Cascade_Recon\nevals_50\mesh_00024\evals_50_iter299.ply,C:\Users\cagri\Isospectralization_Soft_Robots\external_isospectralization\code_for_3D\results\Cascade_Recon\nevals_50\mesh_00025,C:\Users\cagri\Isospectralization_Soft_Robots\external_isospectralization\code_for_3D\results\Cascade_Recon\nevals_50\mesh_00025\evals_50_iter299.ply,299,300,10,100000,2.0,0.02,250000000,0.005191783526531433,0.6868932038834952,0.8485653560042508,0.0009804281960116984,18,17,16
26,mesh_00026,50,C:\Users\cagri\Isospectralization_Soft_Robots\external_isospectralization\code_for_3D\data\Bubble_Grasp_Deep_0.05x40\mesh_00026,C:\Users\cagri\Isospectralization_Soft_Robots\external_isospectralization\code_for_3D\data\Bubble_Grasp_Deep_0.05x40\mesh_00026\mesh_00026.obj,ply,C:\Users\cagri\Isospectralization_Soft_Robots\external_isospectralization\code_for_3D\results\Cascade_Recon\nevals_50\mesh_00025\evals_50_iter299.ply,C:\Users\cagri\Isospectralization_Soft_Robots\external_isospectralization\code_for_3D\results\Cascade_Recon\nevals_50\mesh_00026,C:\Users\cagri\Isospectralization_Soft_Robots\external_isospectralization\code_for_3D\results\Cascade_Recon\nevals_50\mesh_00026\evals_50_iter299.ply,299,300,10,100000,2.0,0.02,250000000,0.005027273745415362,0.7003098716246127,0.8502648050072219,0.0009966964930583878,18,18,17
27,mesh_00027,50,C:\Users\cagri\Isospectralization_Soft_Robots\external_isospectralization\code_for_3D\data\Bubble_Grasp_Deep_0.05x40\mesh_00027,C:\Users\cagri\Isospectralization_Soft_Robots\external_isospectralization\code_for_3D\data\Bubble_Grasp_Deep_0.05x40\mesh_00027\mesh_00027.obj,ply,C:\Users\cagri\Isospectralization_Soft_Robots\external_isospectralization\code_for_3D\results\Cascade_Recon\nevals_50\mesh_00026\evals_50_iter299.ply,C:\Users\cagri\Isospectralization_Soft_Robots\external_isospectralization\code_for_3D\results\Cascade_Recon\nevals_50\mesh_00027,C:\Users\cagri\Isospectralization_Soft_Robots\external_isospectralization\code_for_3D\results\Cascade_Recon\nevals_50\mesh_00027\evals_50_iter299.ply,299,300,10,100000,2.0,0.02,250000000,0.005097791540821707,0.6910268270120259,0.8403614457831325,0.0009872599733177958,18,18,16
28,mesh_00028,50,C:\Users\cagri\Isospectralization_Soft_Robots\external_isospectralization\code_for_3D\data\Bubble_Grasp_Deep_0.05x40\mesh_00028,C:\Users\cagri\Isospectralization_Soft_Robots\external_isospectralization\code_for_3D\data\Bubble_Grasp_Deep_0.05x40\mesh_00028\mesh_00028.obj,ply,C:\Users\cagri\Isospectralization_Soft_Robots\external_isospectralization\code_for_3D\results\Cascade_Recon\nevals_50\mesh_00027\evals_50_iter299.ply,C:\Users\cagri\Isospectralization_Soft_Robots\external_isospectralization\code_for_3D\results\Cascade_Recon\nevals_50\mesh_00028,C:\Users\cagri\Isospectralization_Soft_Robots\external_isospectralization\code_for_3D\results\Cascade_Recon\nevals_50\mesh_00028\evals_50_iter299.ply,299,300,10,100000,2.0,0.02,250000000,0.005159218147128229,0.7001455604075691,0.8348909657320872,0.001016108008439482,18,18,16
29,mesh_00029,50,C:\Users\cagri\Isospectralization_Soft_Robots\external_isospectralization\code_for_3D\data\Bubble_Grasp_Deep_0.05x40\mesh_00029,C:\Users\cagri\Isospectralization_Soft_Robots\external_isospectralization\code_for_3D\data\Bubble_Grasp_Deep_0.05x40\mesh_00029\mesh_00029.obj,ply,C:\Users\cagri\Isospectralization_Soft_Robots\external_isospectralization\code_for_3D\results\Cascade_Recon\nevals_50\mesh_00028\evals_50_iter299.ply,C:\Users\cagri\Isospectralization_Soft_Robots\external_isospectralization\code_for_3D\results\Cascade_Recon\nevals_50\mesh_00029,C:\Users\cagri\Isospectralization_Soft_Robots\external_isospectralization\code_for_3D\results\Cascade_Recon\nevals_50\mesh_00029\evals_50_iter299.ply,299,300,10,100000,2.0,0.02,250000000,0.0051460555076995275,0.7030947775628626,0.8366492146596859,0.0010387260691636273,18,18,16
30,mesh_00030,50,C:\Users\cagri\Isospectralization_Soft_Robots\external_isospectralization\code_for_3D\data\Bubble_Grasp_Deep_0.05x40\mesh_00030,C:\Users\cagri\Isospectralization_Soft_Robots\external_isospectralization\code_for_3D\data\Bubble_Grasp_Deep_0.05x40\mesh_00030\mesh_00030.obj,ply,C:\Users\cagri\Isospectralization_Soft_Robots\external_isospectralization\code_for_3D\results\Cascade_Recon\nevals_50\mesh_00029\evals_50_iter299.ply,C:\Users\cagri\Isospectralization_Soft_Robots\external_isospectralization\code_for_3D\results\Cascade_Recon\nevals_50\mesh_00030,C:\Users\cagri\Isospectralization_Soft_Robots\external_isospectralization\code_for_3D\results\Cascade_Recon\nevals_50\mesh_00030\evals_50_iter299.ply,299,300,10,100000,2.0,0.02,250000000,0.005133404655405715,0.7278481012658228,0.827603899435608,0.0010454979311694727,18,18,16
31,mesh_00031,50,C:\Users\cagri\Isospectralization_Soft_Robots\external_isospectralization\code_for_3D\data\Bubble_Grasp_Deep_0.05x40\mesh_00031,C:\Users\cagri\Isospectralization_Soft_Robots\external_isospectralization\code_for_3D\data\Bubble_Grasp_Deep_0.05x40\mesh_00031\mesh_00031.obj,ply,C:\Users\cagri\Isospectralization_Soft_Robots\external_isospectralization\code_for_3D\results\Cascade_Recon\nevals_50\mesh_00030\evals_50_iter299.ply,C:\Users\cagri\Isospectralization_Soft_Robots\external_isospectralization\code_for_3D\results\Cascade_Recon\nevals_50\mesh_00031,C:\Users\cagri\Isospectralization_Soft_Robots\external_isospectralization\code_for_3D\results\Cascade_Recon\nevals_50\mesh_00031\evals_50_iter299.ply,299,300,10,100000,2.0,0.02,250000000,0.005151894002781683,0.7485,0.839622641509434,0.001051157304654707,18,18,16
32,mesh_00032,50,C:\Users\cagri\Isospectralization_Soft_Robots\external_isospectralization\code_for_3D\data\Bubble_Grasp_Deep_0.05x40\mesh_00032,C:\Users\cagri\Isospectralization_Soft_Robots\external_isospectralization\code_for_3D\data\Bubble_Grasp_Deep_0.05x40\mesh_00032\mesh_00032.obj,ply,C:\Users\cagri\Isospectralization_Soft_Robots\external_isospectralization\code_for_3D\results\Cascade_Recon\nevals_50\mesh_00031\evals_50_iter299.ply,C:\Users\cagri\Isospectralization_Soft_Robots\external_isospectralization\code_for_3D\results\Cascade_Recon\nevals_50\mesh_00032,C:\Users\cagri\Isospectralization_Soft_Robots\external_isospectralization\code_for_3D\results\Cascade_Recon\nevals_50\mesh_00032\evals_50_iter299.ply,299,300,10,100000,2.0,0.02,250000000,0.005135686415623814,0.7642073778664008,0.8483116883116883,0.0010055906327842551,18,18,16
33,mesh_00033,50,C:\Users\cagri\Isospectralization_Soft_Robots\external_isospectralization\code_for_3D\data\Bubble_Grasp_Deep_0.05x40\mesh_00033,C:\Users\cagri\Isospectralization_Soft_Robots\external_isospectralization\code_for_3D\data\Bubble_Grasp_Deep_0.05x40\mesh_00033\mesh_00033.obj,ply,C:\Users\cagri\Isospectralization_Soft_Robots\external_isospectralization\code_for_3D\results\Cascade_Recon\nevals_50\mesh_00032\evals_50_iter299.ply,C:\Users\cagri\Isospectralization_Soft_Robots\external_isospectralization\code_for_3D\results\Cascade_Recon\nevals_50\mesh_00033,C:\Users\cagri\Isospectralization_Soft_Robots\external_isospectralization\code_for_3D\results\Cascade_Recon\nevals_50\mesh_00033\evals_50_iter299.ply,299,300,10,100000,2.0,0.02,250000000,0.005167617635210108,0.7834525025536262,0.8623610375860243,0.0009830127792523461,17,18,16
34,mesh_00034,50,C:\Users\cagri\Isospectralization_Soft_Robots\external_isospectralization\code_for_3D\data\Bubble_Grasp_Deep_0.05x40\mesh_00034,C:\Users\cagri\Isospectralization_Soft_Robots\external_isospectralization\code_for_3D\data\Bubble_Grasp_Deep_0.05x40\mesh_00034\mesh_00034.obj,ply,C:\Users\cagri\Isospectralization_Soft_Robots\external_isospectralization\code_for_3D\results\Cascade_Recon\nevals_50\mesh_00033\evals_50_iter299.ply,C:\Users\cagri\Isospectralization_Soft_Robots\external_isospectralization\code_for_3D\results\Cascade_Recon\nevals_50\mesh_00034,C:\Users\cagri\Isospectralization_Soft_Robots\external_isospectralization\code_for_3D\results\Cascade_Recon\nevals_50\mesh_00034\evals_50_iter299.ply,299,300,10,100000,2.0,0.02,250000000,0.005170697992761509,0.8003088008234689,0.8655282817502669,0.0009866194940452676,17,18,16
35,mesh_00035,50,C:\Users\cagri\Isospectralization_Soft_Robots\external_isospectralization\code_for_3D\data\Bubble_Grasp_Deep_0.05x40\mesh_00035,C:\Users\cagri\Isospectralization_Soft_Robots\external_isospectralization\code_for_3D\data\Bubble_Grasp_Deep_0.05x40\mesh_00035\mesh_00035.obj,ply,C:\Users\cagri\Isospectralization_Soft_Robots\external_isospectralization\code_for_3D\results\Cascade_Recon\nevals_50\mesh_00034\evals_50_iter299.ply,C:\Users\cagri\Isospectralization_Soft_Robots\external_isospectralization\code_for_3D\results\Cascade_Recon\nevals_50\mesh_00035,C:\Users\cagri\Isospectralization_Soft_Robots\external_isospectralization\code_for_3D\results\Cascade_Recon\nevals_50\mesh_00035\evals_50_iter299.ply,299,300,10,100000,2.0,0.02,250000000,0.005027158039377719,0.8037647058823529,0.8518339768339769,0.0009723573639816758,18,18,17
36,mesh_00036,50,C:\Users\cagri\Isospectralization_Soft_Robots\external_isospectralization\code_for_3D\data\Bubble_Grasp_Deep_0.05x40\mesh_00036,C:\Users\cagri\Isospectralization_Soft_Robots\external_isospectralization\code_for_3D\data\Bubble_Grasp_Deep_0.05x40\mesh_00036\mesh_00036.obj,ply,C:\Users\cagri\Isospectralization_Soft_Robots\external_isospectralization\code_for_3D\results\Cascade_Recon\nevals_50\mesh_00035\evals_50_iter299.ply,C:\Users\cagri\Isospectralization_Soft_Robots\external_isospectralization\code_for_3D\results\Cascade_Recon\nevals_50\mesh_00036,C:\Users\cagri\Isospectralization_Soft_Robots\external_isospectralization\code_for_3D\results\Cascade_Recon\nevals_50\mesh_00036\evals_50_iter299.ply,299,300,10,100000,2.0,0.02,250000000,0.00506367916439145,0.8239299610894941,0.8668975754576942,0.0009951333071551247,18,18,17
37,mesh_00037,50,C:\Users\cagri\Isospectralization_Soft_Robots\external_isospectralization\code_for_3D\data\Bubble_Grasp_Deep_0.05x40\mesh_00037,C:\Users\cagri\Isospectralization_Soft_Robots\external_isospectralization\code_for_3D\data\Bubble_Grasp_Deep_0.05x40\mesh_00037\mesh_00037.obj,ply,C:\Users\cagri\Isospectralization_Soft_Robots\external_isospectralization\code_for_3D\results\Cascade_Recon\nevals_50\mesh_00036\evals_50_iter299.ply,C:\Users\cagri\Isospectralization_Soft_Robots\external_isospectralization\code_for_3D\results\Cascade_Recon\nevals_50\mesh_00037,C:\Users\cagri\Isospectralization_Soft_Robots\external_isospectralization\code_for_3D\results\Cascade_Recon\nevals_50\mesh_00037\evals_50_iter299.ply,299,300,10,100000,2.0,0.02,250000000,0.005125628452332141,0.8366412213740458,0.8719669592152813,0.0009823143657762528,18,18,16
38,mesh_00038,50,C:\Users\cagri\Isospectralization_Soft_Robots\external_isospectralization\code_for_3D\data\Bubble_Grasp_Deep_0.05x40\mesh_00038,C:\Users\cagri\Isospectralization_Soft_Robots\external_isospectralization\code_for_3D\data\Bubble_Grasp_Deep_0.05x40\mesh_00038\mesh_00038.obj,ply,C:\Users\cagri\Isospectralization_Soft_Robots\external_isospectralization\code_for_3D\results\Cascade_Recon\nevals_50\mesh_00037\evals_50_iter299.ply,C:\Users\cagri\Isospectralization_Soft_Robots\external_isospectralization\code_for_3D\results\Cascade_Recon\nevals_50\mesh_00038,C:\Users\cagri\Isospectralization_Soft_Robots\external_isospectralization\code_for_3D\results\Cascade_Recon\nevals_50\mesh_00038\evals_50_iter299.ply,299,300,10,100000,2.0,0.02,250000000,0.005106232092528848,0.8475517415446744,0.8678861788617886,0.0009422770936099828,18,18,17
39,mesh_00039,50,C:\Users\cagri\Isospectralization_Soft_Robots\external_isospectralization\code_for_3D\data\Bubble_Grasp_Deep_0.05x40\mesh_00039,C:\Users\cagri\Isospectralization_Soft_Robots\external_isospectralization\code_for_3D\data\Bubble_Grasp_Deep_0.05x40\mesh_00039\mesh_00039.obj,ply,C:\Users\cagri\Isospectralization_Soft_Robots\external_isospectralization\code_for_3D\results\Cascade_Recon\nevals_50\mesh_00038\evals_50_iter299.ply,C:\Users\cagri\Isospectralization_Soft_Robots\external_isospectralization\code_for_3D\results\Cascade_Recon\nevals_50\mesh_00039,C:\Users\cagri\Isospectralization_Soft_Robots\external_isospectralization\code_for_3D\results\Cascade_Recon\nevals_50\mesh_00039\evals_50_iter299.ply,299,300,10,100000,2.0,0.02,250000000,0.005138199838844229,0.8448540706605223,0.8710010319917441,0.0009384915983348208,18,18,16
40,mesh_00040,50,C:\Users\cagri\Isospectralization_Soft_Robots\external_isospectralization\code_for_3D\data\Bubble_Grasp_Deep_0.05x40\mesh_00040,C:\Users\cagri\Isospectralization_Soft_Robots\external_isospectralization\code_for_3D\data\Bubble_Grasp_Deep_0.05x40\mesh_00040\mesh_00040.obj,ply,C:\Users\cagri\Isospectralization_Soft_Robots\external_isospectralization\code_for_3D\results\Cascade_Recon\nevals_50\mesh_00039\evals_50_iter299.ply,C:\Users\cagri\Isospectralization_Soft_Robots\external_isospectralization\code_for_3D\results\Cascade_Recon\nevals_50\mesh_00040,C:\Users\cagri\Isospectralization_Soft_Robots\external_isospectralization\code_for_3D\results\Cascade_Recon\nevals_50\mesh_00040\evals_50_iter299.ply,299,300,10,100000,2.0,0.02,250000000,0.005210055835927607,0.8562231759656652,0.871142393069843,0.0009942956059414971,17,18,16
